{"13": {
  "pos": [
      -0.35625345825861554,
      0.06752345342171706,
    3.75
  ],
  "ori": [
    0,
    0,
    0,
    1
  ],
  "linVel": [
    0,
    0,
    0
  ],
  "angVel": [
    0,
    0,
    0
  ],
  "x_size": 1.5,
  "y_size": 0.5,
  "z_size": 0.3,
  "mass": 0.22499999999999998,
  "friction": 0.5
},
"12": {
  "pos": [
      -0.35625345825861554,
      0.06752345342171706,
    3.45
  ],
  "ori": [
    0,
    0,
    0,
    1
  ],
  "linVel": [
    0,
    0,
    0
  ],
  "angVel": [
    0,
    0,
    0
  ],
  "x_size": 1.5,
  "y_size": 0.5,
  "z_size": 0.3,
  "mass": 0.22499999999999998,
  "friction": 0.5
},
"11": {
  "pos": [
      -0.35625345825861554,
      0.06752345342171706,
    3.15
  ],
  "ori": [
    0,
    0,
    0,
    1
  ],
  "linVel": [
    0,
    0,
    0
  ],
  "angVel": [
    0,
    0,
    0
  ],
  "x_size": 1.5,
  "y_size": 0.5,
  "z_size": 0.3,
  "mass": 0.22499999999999998,
  "friction": 0.5
},
  "10": {
    "pos": [
        -0.35625345825861554,
        0.06752345342171706,
      2.85
    ],
    "ori": [
      0,
      0,
      0,
      1
    ],
    "linVel": [
      0,
      0,
      0
    ],
    "angVel": [
      0,
      0,
      0
    ],
    "x_size": 1.5,
    "y_size": 0.5,
    "z_size": 0.3,
    "mass": 0.22499999999999998,
    "friction": 0.5
  },
  "9": {
    "pos": [
        -0.35625345825861554,
        0.06752345342171706,
      2.55
    ],
    "ori": [
        0,
        0,
        0,
        1
    ],
    "linVel": [
      0,
      0,
      0
    ],
    "angVel": [
      0,
      0,
      0
    ],
    "x_size": 1.5,
    "y_size": 0.5,
    "z_size": 0.3,
    "mass": 0.22499999999999998,
    "friction": 0.5
  },
  "8": {
    "pos": [
        -0.35625345825861554,
        0.06752345342171706,
      2.25
    ],
    "ori": [
        0,
        0,
        0,
        1
    ],
    "linVel": [
      0,
      0,
      0
    ],
    "angVel": [
      0,
      0,
      0
    ],
    "x_size": 1.5,
    "y_size": 0.5,
    "z_size": 0.3,
    "mass": 0.22499999999999998,
    "friction": 0.5
  },
  "7": {
    "pos": [
        -0.35625345825861554,
        0.06752345342171706,
      1.95
    ],
    "ori": [
        0,
        0,
        0,
        1
    ],
    "linVel": [
      0,
      0,
      0
    ],
    "angVel": [
      0,
      0,
      0
    ],
    "x_size": 1.5,
    "y_size": 0.5,
    "z_size": 0.3,
    "mass": 0.22499999999999998,
    "friction": 0.5
  },
  "6": {
    "pos": [
        -0.35625345825861554,
        0.06752345342171706,
      1.65
    ],
    "ori": [
      0,
      0,
      0,
      1
    ],
    "linVel": [
      0,
      0,
      0
    ],
    "angVel": [
      0,
      0,
      0
    ],
    "x_size": 1.5,
    "y_size": 0.5,
    "z_size": 0.3,
    "mass": 0.22499999999999998,
    "friction": 0.5
  },
  "5": {
    "pos": [
        -0.35625345825861554,
        0.06752345342171706,
      1.35
    ],
    "ori": [
    0,
    0,
    0,
    1
    ],
    "linVel": [
      0,
      0,
      0
    ],
    "angVel": [
      0,
      0,
      0
    ],
    "x_size": 1.5,
    "y_size": 0.5,
    "z_size": 0.3,
    "mass": 0.22499999999999998,
    "friction": 0.5
  },
  "4": {
    "pos": [
        -0.35625345825861554,
        0.06752345342171706,
      1.0500000000000003
    ],
    "ori": [
        0,
        0,
        0,
        1
    ],
    "linVel": [
      0,
      0,
      0
    ],
    "angVel": [
      0,
      0,
      0
    ],
    "x_size": 1.5,
    "y_size": 0.5,
    "z_size": 0.3,
    "mass": 0.22499999999999998,
    "friction": 0.5
  },
  "3": {
    "pos": [
        -0.35625345825861554,
        0.06752345342171706,
      0.7500000000000002
    ],
    "ori": [
        0,
        0,
        0,
        1
    ],
    "linVel": [
      0,
      0,
      0
    ],
    "angVel": [
      0,
      0,
      0
    ],
    "x_size": 1.5,
    "y_size": 0.5,
    "z_size": 0.3,
    "mass": 0.22499999999999998,
    "friction": 0.5
  },
  "2": {
    "pos": [
        -0.35625345825861554,
        0.06752345342171706,
      0.45000000000000007
    ],
    "ori": [
      0,
      0,
      0,
      1
    ],
    "linVel": [
      0,
      0,
      0
    ],
    "angVel": [
      0,
      0,
      0
    ],
    "x_size": 1.5,
    "y_size": 0.5,
    "z_size": 0.3,
    "mass": 0.22499999999999998,
    "friction": 0.5
  },
  "1": {
    "pos": [
      -0.35625345825861554,
      0.06752345342171706,
      0.15
    ],
    "ori": [
      0,
      0,
      0,
      1
    ],
    "linVel": [
      0,
      0,
      0
    ],
    "angVel": [
      0,
      0,
      0
    ],
    "x_size": 1.5,
    "y_size": 0.5,
    "z_size": 0.3,
    "mass": 0.22499999999999998,
    "friction": 0.5
  }
}