{
    "1": {
      "pos": [
        0.0,
        0.0,
        0.15
      ],
      "ori": [
        0,
        0,
        0,
        1
  
      ],
      "linVel": [
        0,
        0,
        0
      ],
      "angVel": [
        0,
        0,
        0
      ],
      "x_size": 1.5,
      "y_size": 0.5,
      "z_size": 0.3,
      "mass": 0.22499999999999998,
      "friction": 0.5
    },
    "2": {
      "pos": [
        0,
        0,
        1.05
      ],
      "ori": [
        0,
        -0.707,
        0,
        -0.707
      ],
      "linVel": [
        0,
        0,
        0
      ],
      "angVel": [
        0,
        0,
        0
      ],
      "x_size": 1.5,
      "y_size": 0.5,
      "z_size": 0.3,
      "mass": 0.22499999999999998,
      "friction": 0.5
    },
    "3": {
      "pos": [
        0,
        0,
        1.95
      ],
      "ori": [
        0,
        0,
        0,
        1
      ],
      "linVel": [
        0,
        0,
        0
      ],
      "angVel": [
        0,
        0,
        0
      ],
      "x_size": 1.5,
      "y_size": 0.5,
      "z_size": 0.3,
      "mass": 0.22499999999999998,
      "friction": 0.5
    },
    "4": {
      "pos": [
        0,
        0,
        2.25
      ],
      "ori": [
        0,
        0,
        0,
        1
      ],
      "linVel": [
        0,
        0,
        0
      ],
      "angVel": [
        0,
        0,
        0
      ],
      "x_size": 1.5,
      "y_size": 0.5,
      "z_size": 0.3,
      "mass": 0.22499999999999998,
      "friction": 0.5
    },
    "5": {
      "pos": [
        0,
        0,
        2.55
      ],
      "ori": [
          0,
          0,
          0,
          1
      ],
      "linVel": [
        0,
        0,
        0
      ],
      "angVel": [
        0,
        0,
        0
      ],
      "x_size": 1.5,
      "y_size": 0.5,
      "z_size": 0.3,
      "mass": 0.22499999999999998,
      "friction": 0.5
    },
    "6": {
      "pos": [
        0,
        0,
        3.45
      ],
      "ori": [
        0,
        -0.707,
        0,
        -0.707
      ],
      "linVel": [
        0,
        0,
        0
      ],
      "angVel": [
        0,
        0,
        0
      ],
      "x_size": 1.5,
      "y_size": 0.5,
      "z_size": 0.3,
      "mass": 0.22499999999999998,
      "friction": 0.5
    },
    "7": {
      "pos": [
        0,
        0,
        4.35
      ],
      "ori": [
        0,
        0,
        0,
        1
      ],
      "linVel": [
        0,
        0,
        0
      ],
      "angVel": [
        0,
        0,
        0
      ],
      "x_size": 1.5,
      "y_size": 0.5,
      "z_size": 0.3,
      "mass": 0.22499999999999998,
      "friction": 0.5
    },
    "8": {
      "pos": [
        0,
        0,
        4.65
      ],
      "ori": [
        0,
        0,
        0,
        1
      ],
      "linVel": [
        0,
        0,
        0
      ],
      "angVel": [
        0,
        0,
        0
      ],
      "x_size": 1.5,
      "y_size": 0.5,
      "z_size": 0.3,
      "mass": 0.22499999999999998,
      "friction": 0.5
    },
    "9": {
      "pos": [
        0,
        0,
        4.95
      ],
      "ori": [
          0,
          0,
          0,
          1
      ],
      "linVel": [
        0,
        0,
        0
      ],
      "angVel": [
        0,
        0,
        0
      ],
      "x_size": 1.5,
      "y_size": 0.5,
      "z_size": 0.3,
      "mass": 0.22499999999999998,
      "friction": 0.5
    }
  }