{
    "1": {
      "pos": [
        0.0,
        0.0,
        0.15
      ],
      "ori": [
        0,
        0,
        0,
        1
      ],
      "linVel": [
        0,
        0,
        0
      ],
      "angVel": [
        0,
        0,
        0
      ],
      "x_size": 1.5,
      "y_size": 0.5,
      "z_size": 0.3,
      "mass": 0.22499999999999998,
      "friction": 0.5
    },
    "2": {
      "pos": [
        -0.15,
        0,
        0.45
      ],
      "ori": [
        0,
        0,
        0,
        1
      ],
      "linVel": [
        0,
        0,
        0
      ],
      "angVel": [
        0,
        0,
        0
      ],
      "x_size": 1.5,
      "y_size": 0.5,
      "z_size": 0.3,
      "mass": 0.22499999999999998,
      "friction": 0.5
    },
    "3": {
      "pos": [
        -0.30,
        0,
        0.75
      ],
      "ori": [
        0,
        0,
        0,
        1
      ],
      "linVel": [
        0,
        0,
        0
      ],
      "angVel": [
        0,
        0,
        0
      ],
      "x_size": 1.5,
      "y_size": 0.5,
      "z_size": 0.3,
      "mass": 0.22499999999999998,
      "friction": 0.5
    },
    "4": {
      "pos": [
        -0.45,
        0,
        1.05
      ],
      "ori": [
        0,
        0,
        0,
        1
      ],
      "linVel": [
        0,
        0,
        0
      ],
      "angVel": [
        0,
        0,
        0
      ],
      "x_size": 1.5,
      "y_size": 0.5,
      "z_size": 0.3,
      "mass": 0.22499999999999998,
      "friction": 0.5
    },
    "5": {
      "pos": [
        -0.6,
        0,
        1.35
      ],
      "ori": [
          0,
          0,
          0,
          1
      ],
      "linVel": [
        0,
        0,
        0
      ],
      "angVel": [
        0,
        0,
        0
      ],
      "x_size": 1.5,
      "y_size": 0.5,
      "z_size": 0.3,
      "mass": 0.22499999999999998,
      "friction": 0.5
    },
    "6": {
      "pos": [
        -0.75,
        0,
        1.65
      ],
      "ori": [
        0,
        0,
        0,
        1
      ],
      "linVel": [
        0,
        0,
        0
      ],
      "angVel": [
        0,
        0,
        0
      ],
      "x_size": 1.5,
      "y_size": 0.5,
      "z_size": 0.3,
      "mass": 0.22499999999999998,
      "friction": 0.5
    },
    "7": {
      "pos": [
        -0.6,
        0,
        1.95
      ],
      "ori": [
        0,
        0,
        0,
        1
      ],
      "linVel": [
        0,
        0,
        0
      ],
      "angVel": [
        0,
        0,
        0
      ],
      "x_size": 1.5,
      "y_size": 0.5,
      "z_size": 0.3,
      "mass": 0.22499999999999998,
      "friction": 0.5
    },
    "8": {
      "pos": [
        -0.45,
        0,
        2.25
      ],
      "ori": [
        0,
        0,
        0,
        1
      ],
      "linVel": [
        0,
        0,
        0
      ],
      "angVel": [
        0,
        0,
        0
      ],
      "x_size": 1.5,
      "y_size": 0.5,
      "z_size": 0.3,
      "mass": 0.0000856,
      "friction": 0.5
    },
    "9": {
      "pos": [
        -0.3,
        0,
        2.55
      ],
      "ori": [
          0,
          0,
          0,
          1
      ],
      "linVel": [
        0,
        0,
        0
      ],
      "angVel": [
        0,
        0,
        0
      ],
      "x_size": 1.5,
      "y_size": 0.5,
      "z_size": 0.3,
      "mass": 0.22499999999999998,
      "friction": 0.5
    },
    "10": {
      "pos": [
        -0.15,
        0,
        2.85
      ],
      "ori": [
          0,
          0,
          0,
          1
      ],
      "linVel": [
        0,
        0,
        0
      ],
      "angVel": [
        0,
        0,
        0
      ],
      "x_size": 1.5,
      "y_size": 0.5,
      "z_size": 0.3,
      "mass": 0.22499999999999998,
      "friction": 0.5
    },
    "11": {
      "pos": [
        0,
        0,
        3.15
      ],
      "ori": [
          0,
          0,
          0,
          1
      ],
      "linVel": [
        0,
        0,
        0
      ],
      "angVel": [
        0,
        0,
        0
      ],
      "x_size": 1.5,
      "y_size": 0.5,
      "z_size": 0.3,
      "mass": 0.22499999999999998,
      "friction": 0.5
    },
    "12": {
      "pos": [
        0.15,
        0,
        3.45
      ],
      "ori": [
          0,
          0,
          0,
          1
      ],
      "linVel": [
        0,
        0,
        0
      ],
      "angVel": [
        0,
        0,
        0
      ],
      "x_size": 1.5,
      "y_size": 0.5,
      "z_size": 0.3,
      "mass": 0.22499999999999998,
      "friction": 0.5
    },
    "13": {
      "pos": [
        0.30,
        0,
        3.75
      ],
      "ori": [
          0,
          0,
          0,
          1
      ],
      "linVel": [
        0,
        0,
        0
      ],
      "angVel": [
        0,
        0,
        0
      ],
      "x_size": 1.5,
      "y_size": 0.5,
      "z_size": 0.3,
      "mass": 0.22499999999999998,
      "friction": 0.5
    }
  }