{
    "1": {
      "pos": [
        0.0,
        0.0,
        0.75
      ],
      "ori": [
        0,
        -0.707,
        0,
        -0.707
  
      ],
      "linVel": [
        0,
        0,
        0
      ],
      "angVel": [
        0,
        0,
        0
      ],
      "x_size": 1.5,
      "y_size": 0.5,
      "z_size": 0.3,
      "mass": 0.22499999999999998,
      "friction": 0.5
    },
    "2": {
      "pos": [
        -0.05,
        0,
        2.25
      ],
      "ori": [
        0,
        -0.707,
        0,
        -0.707
      ],
      "linVel": [
        0,
        0,
        0
      ],
      "angVel": [
        0,
        0,
        0
      ],
      "x_size": 1.5,
      "y_size": 0.5,
      "z_size": 0.3,
      "mass": 0.22499999999999998,
      "friction": 0.5
    },
    "3": {
      "pos": [
        -0.10,
        0,
        3.75
      ],
      "ori": [
        0,
        -0.707,
        0,
        -0.707
      ],
      "linVel": [
        0,
        0,
        0
      ],
      "angVel": [
        0,
        0,
        0
      ],
      "x_size": 1.5,
      "y_size": 0.5,
      "z_size": 0.3,
      "mass": 0.22499999999999998,
      "friction": 0.5
    },
    "4": {
      "pos": [
        -0.15,
        0,
        5.25
      ],
      "ori": [
        0,
        -0.707,
        0,
        -0.707
      ],
      "linVel": [
        0,
        0,
        0
      ],
      "angVel": [
        0,
        0,
        0
      ],
      "x_size": 1.5,
      "y_size": 0.5,
      "z_size": 0.3,
      "mass": 0.22499999999999998,
      "friction": 0.5
    },
    "5": {
      "pos": [
        -0.20,
        0,
        6.75
      ],
      "ori": [
        0,
        -0.707,
        0,
        -0.707
      ],
      "linVel": [
        0,
        0,
        0
      ],
      "angVel": [
        0,
        0,
        0
      ],
      "x_size": 1.5,
      "y_size": 0.5,
      "z_size": 0.3,
      "mass": 0.22499999999999998,
      "friction": 0.5
    }  }